{"EntityAngles":{"y":-90.0,"x":-1.2424041042309662e-17,"z":0.184906005859375},"EntityVector":{"y":-625.9771118164063,"x":536.0084838867188,"z":-195.54949951171876}}