{"EntityAngles":{"y":270.13641357421877,"x":0.0005000000237487257,"z":359.78741455078127},"EntityVector":{"y":-4351.9404296875,"x":317.87921142578127,"z":-195.5605926513672}}