{"EntityAngles":{"y":270.1363525390625,"x":0.0005047336453571916,"z":359.787353515625},"EntityVector":{"y":-4351.9404296875,"x":317.8792419433594,"z":-195.56060791015626}}