{"EntityAngles":{"y":270.0458984375,"x":359.9993896484375,"z":359.99749755859377},"EntityVector":{"y":-4351.9130859375,"x":-2910.2685546875,"z":-195.5013427734375}}