{"EntityAngles":{"y":270.0,"x":0.0000013310340136740706,"z":0.1848907470703125},"EntityVector":{"y":-625.9771118164063,"x":536.0084838867188,"z":-195.54949951171876}}